Timestamp,BATTERY_PROPERTY_CURRENT_NOW,EXTRA_VOLTAGE,BATTERY_PROPERTY_CURRENT_AVERAGE,BATTERY_PROPERTY_CHARGE_COUNTER,BATTERY_PROPERTY_CAPACITY
1700762469451,6103,4447,9765,4169000,100
1700762469560,6103,4447,9765,4169000,100
1700762469667,6103,4447,9765,4169000,100
1700762469775,6103,4447,9765,4169000,100
1700762469882,6103,4447,9765,4169000,100
1700762469989,6103,4447,9765,4169000,100
1700762470096,6103,4447,9765,4169000,100
1700762470201,6103,4447,9765,4169000,100
1700762470307,6103,4447,9765,4169000,100
1700762470413,6103,4447,9765,4169000,100
1700762470519,6103,4447,9765,4169000,100
1700762470623,6103,4447,9765,4169000,100
1700762470728,6103,4447,9765,4169000,100
1700762470836,6103,4447,9765,4169000,100
1700762470943,6103,4447,9765,4169000,100
1700762471049,6103,4447,9765,4169000,100
1700762471153,6103,4447,9765,4169000,100
1700762471259,6103,4447,9765,4169000,100
1700762471364,6103,4447,9765,4169000,100
1700762471474,6103,4447,9765,4169000,100
1700762471579,6103,4447,9765,4169000,100
1700762471689,6103,4447,9765,4169000,100
1700762471800,6103,4447,9765,4169000,100
1700762471909,6103,4447,9765,4169000,100
1700762472022,6103,4447,9765,4169000,100
1700762472127,6103,4447,9765,4169000,100
1700762472236,6103,4447,9765,4169000,100
1700762472348,6103,4447,9765,4169000,100
1700762472462,6103,4447,9765,4169000,100
1700762472568,6103,4447,9765,4169000,100
1700762472676,6103,4447,9765,4169000,100
1700762472783,6103,4447,9765,4169000,100
1700762472900,6103,4447,9765,4169000,100
1700762473009,6103,4447,9765,4169000,100
1700762473124,6103,4447,9765,4169000,100
1700762473235,6103,4447,9765,4169000,100
1700762473352,6103,4447,9765,4169000,100
1700762473461,6103,4447,9765,4169000,100
1700762473569,6103,4447,9765,4169000,100
1700762473671,6103,4447,9765,4169000,100
1700762473774,6103,4447,9765,4169000,100
1700762473878,6103,4447,9765,4169000,100
1700762473989,6103,4447,9765,4169000,100
1700762474113,6103,4447,9765,4169000,100
1700762474236,6103,4447,9765,4169000,100
1700762474355,6103,4447,9765,4169000,100
1700762474466,6103,4447,9765,4169000,100
1700762474573,6103,4447,9765,4169000,100
1700762474686,6103,4447,9765,4169000,100
1700762474792,6103,4447,9765,4169000,100
1700762474902,6103,4447,9765,4169000,100
1700762475009,6103,4447,9765,4169000,100
1700762475116,6103,4447,9765,4169000,100
1700762475223,6103,4447,9765,4169000,100
1700762475329,6103,4447,9765,4169000,100
1700762475462,6103,4447,9765,4169000,100
1700762475572,6103,4447,9765,4169000,100
1700762475683,6103,4447,9765,4169000,100
1700762475789,6103,4447,9765,4169000,100
1700762475895,6103,4447,9765,4169000,100
1700762476002,6103,4447,9765,4169000,100
1700762476110,6103,4447,9765,4169000,100
1700762476219,6103,4447,9765,4169000,100
1700762476336,6103,4447,9765,4169000,100
1700762476445,6103,4447,9765,4169000,100
1700762476553,6103,4447,9765,4169000,100
1700762476662,6103,4447,9765,4169000,100
1700762476773,6103,4447,9765,4169000,100
1700762476882,6103,4447,9765,4169000,100
1700762476990,6103,4447,9765,4169000,100
1700762477098,6103,4447,9765,4169000,100
1700762477208,6103,4447,9765,4169000,100
1700762477317,6103,4447,9765,4169000,100
1700762477421,6103,4447,9765,4169000,100
1700762477525,6103,4447,9765,4169000,100
1700762477629,6103,4447,9765,4169000,100
1700762477734,6103,4447,9765,4169000,100
1700762477843,6103,4447,9765,4169000,100
1700762477949,6103,4447,9765,4169000,100
1700762478056,6103,4447,9765,4169000,100
1700762478163,6103,4447,9765,4169000,100
1700762478270,6103,4447,9765,4169000,100
1700762478378,6103,4447,9765,4169000,100
1700762478485,6103,4447,9765,4169000,100
1700762478591,6103,4447,9765,4169000,100
1700762478702,6103,4447,9765,4169000,100
1700762478809,6103,4447,9765,4169000,100
1700762478915,6103,4447,9765,4169000,100
1700762479023,10986,4447,9765,4169000,100
1700762479128,10986,4447,9765,4169000,100
1700762479235,10986,4447,9765,4169000,100
1700762479341,10986,4447,9765,4169000,100
1700762479446,10986,4447,9765,4169000,100
1700762479553,10986,4447,9765,4169000,100
1700762479659,10986,4447,9765,4169000,100
1700762479770,10986,4447,9765,4169000,100
1700762479876,10986,4447,9765,4169000,100
1700762479983,10986,4447,9765,4169000,100
1700762480097,10986,4447,9765,4169000,100
1700762480202,10986,4447,9765,4169000,100
1700762480308,10986,4447,9765,4169000,100
1700762480414,10986,4447,9765,4169000,100
1700762480520,10986,4447,9765,4169000,100
1700762480626,10986,4447,9765,4169000,100
1700762480731,10986,4447,9765,4169000,100
1700762480837,10986,4447,9765,4169000,100
1700762480942,10986,4447,9765,4169000,100
1700762481049,10986,4447,9765,4169000,100
1700762481155,10986,4447,9765,4169000,100
1700762481260,10986,4447,9765,4169000,100
1700762481365,10986,4447,9765,4169000,100
1700762481471,10986,4447,9765,4169000,100
1700762481578,10986,4447,9765,4169000,100
1700762481684,10986,4447,9765,4169000,100
1700762481789,10986,4447,9765,4169000,100
1700762481895,10986,4447,9765,4169000,100
1700762482001,10986,4447,9765,4169000,100
1700762482106,10986,4447,9765,4169000,100
1700762482212,10986,4447,9765,4169000,100
1700762482317,10986,4447,9765,4169000,100
1700762482425,10986,4447,9765,4169000,100
1700762482530,10986,4447,9765,4169000,100
1700762482637,10986,4447,9765,4169000,100
1700762482742,10986,4447,9765,4169000,100
1700762482848,10986,4447,9765,4169000,100
1700762482953,10986,4447,9765,4169000,100
1700762483060,10986,4447,9765,4169000,100
1700762483166,10986,4447,9765,4169000,100
1700762483271,10986,4447,9765,4169000,100
1700762483376,10986,4447,9765,4169000,100
1700762483483,10986,4447,9765,4169000,100
1700762483588,10986,4447,9765,4169000,100
1700762483696,10986,4447,9765,4169000,100
1700762483801,10986,4447,9765,4169000,100
1700762483906,10986,4447,9765,4169000,100
1700762484010,10986,4447,9765,4169000,100
1700762484115,10986,4447,9765,4169000,100
1700762484221,10986,4447,9765,4169000,100
1700762484327,10986,4447,9765,4169000,100
1700762484432,10986,4447,9765,4169000,100
1700762484538,10986,4447,9765,4169000,100
1700762484643,10986,4447,9765,4169000,100
1700762484748,10986,4447,9765,4169000,100
1700762484853,10986,4447,9765,4169000,100
1700762484958,10986,4447,9765,4169000,100
1700762485066,10986,4447,9765,4169000,100
1700762485171,10986,4447,9765,4169000,100
1700762485277,10986,4447,9765,4169000,100
1700762485383,10986,4447,9765,4169000,100
1700762485488,10986,4447,9765,4169000,100
1700762485593,10986,4447,9765,4169000,100
1700762485700,10986,4447,9765,4169000,100
1700762485805,10986,4447,9765,4169000,100
1700762485912,10986,4447,9765,4169000,100
1700762486017,10986,4447,9765,4169000,100
1700762486123,10986,4447,9765,4169000,100
1700762486228,10986,4447,9765,4169000,100
1700762486333,10986,4447,9765,4169000,100
1700762486438,10986,4447,9765,4169000,100
1700762486552,10986,4447,9765,4169000,100
1700762486658,10986,4447,9765,4169000,100
1700762486763,10986,4447,9765,4169000,100
1700762486868,10986,4447,9765,4169000,100
1700762486973,10986,4447,9765,4169000,100
1700762487079,10986,4447,9765,4169000,100
1700762487183,10986,4447,9765,4169000,100
1700762487290,10986,4447,9765,4169000,100
1700762487395,10986,4447,9765,4169000,100
1700762487502,10986,4447,9765,4169000,100
1700762487607,10986,4447,9765,4169000,100
1700762487713,10986,4447,9765,4169000,100
1700762487821,10986,4447,9765,4169000,100
1700762487926,10986,4447,9765,4169000,100
1700762488031,10986,4447,9765,4169000,100
1700762488137,10986,4447,9765,4169000,100
1700762488242,10986,4447,9765,4169000,100
1700762488348,10986,4447,9765,4169000,100
1700762488452,10986,4447,9765,4169000,100
1700762488559,10986,4447,9765,4169000,100
1700762488664,10986,4447,9765,4169000,100
1700762488771,10986,4447,9765,4169000,100
1700762488876,10986,4447,9765,4169000,100
1700762488982,10986,4447,9765,4169000,100
1700762489090,10986,4447,9765,4169000,100
1700762489195,10986,4447,9765,4169000,100
1700762489304,10986,4447,9765,4169000,100
1700762489408,10986,4447,9765,4169000,100
1700762489513,10986,4447,9765,4169000,100
1700762489619,10986,4447,9765,4169000,100
1700762489725,10986,4447,9765,4169000,100
1700762489831,10986,4447,9765,4169000,100
1700762489939,10986,4447,9765,4169000,100
1700762490044,10986,4447,9765,4169000,100
1700762490151,10986,4447,9765,4169000,100
1700762490256,10986,4447,9765,4169000,100
1700762490361,10986,4447,9765,4169000,100
1700762490471,10986,4447,9765,4169000,100
1700762490576,10986,4447,9765,4169000,100
1700762490684,10986,4447,9765,4169000,100
1700762490789,10986,4447,9765,4169000,100
1700762490895,10986,4447,9765,4169000,100
1700762491001,10986,4447,9765,4169000,100
1700762491107,10986,4447,9765,4169000,100
1700762491212,10986,4447,9765,4169000,100
1700762491319,10986,4447,9765,4169000,100
1700762491423,10986,4447,9765,4169000,100
1700762491530,10986,4447,9765,4169000,100
1700762491635,10986,4447,9765,4169000,100
1700762491739,10986,4447,9765,4169000,100
1700762491844,10986,4447,9765,4169000,100
1700762491950,10986,4447,9765,4169000,100
1700762492056,10986,4447,9765,4169000,100
1700762492160,10986,4447,9765,4169000,100
1700762492266,10986,4447,9765,4169000,100
1700762492371,10986,4447,9765,4169000,100
1700762492476,10986,4447,9765,4169000,100
1700762492585,10986,4447,9765,4169000,100
1700762492690,10986,4447,9765,4169000,100
1700762492795,10986,4447,9765,4169000,100
1700762492900,10986,4447,9765,4169000,100
1700762493005,10986,4447,9765,4169000,100
1700762493110,10986,4447,9765,4169000,100
1700762493216,10986,4447,9765,4169000,100
1700762493322,10986,4447,9765,4169000,100
1700762493427,10986,4447,9765,4169000,100
1700762493532,10986,4447,9765,4169000,100
1700762493638,10986,4447,9765,4169000,100
1700762493742,10986,4447,9765,4169000,100
1700762493847,10986,4447,9765,4169000,100
1700762493952,10986,4447,9765,4169000,100
1700762494058,10986,4447,9765,4169000,100
1700762494163,10986,4447,9765,4169000,100
1700762494270,10986,4447,9765,4169000,100
1700762494375,10986,4447,9765,4169000,100
1700762494480,10986,4447,9765,4169000,100
1700762494589,10986,4447,9765,4169000,100
1700762494694,10986,4447,9765,4169000,100
1700762494799,10986,4447,9765,4169000,100
1700762494904,10986,4447,9765,4169000,100
1700762495011,11291,4447,9765,4169000,100
1700762495117,11291,4447,9765,4169000,100
1700762495223,11291,4447,9765,4169000,100
1700762495328,11291,4447,9765,4169000,100
1700762495433,11291,4447,9765,4169000,100
1700762495539,11291,4447,9765,4169000,100
1700762495643,11291,4447,9765,4169000,100
1700762495749,11291,4447,9765,4169000,100
1700762495854,11291,4447,9765,4169000,100
1700762495960,11291,4447,9765,4169000,100
1700762496064,11291,4447,9765,4169000,100
1700762496171,11291,4447,9765,4169000,100
1700762496276,11291,4447,9765,4169000,100
1700762496383,11291,4447,9765,4169000,100
1700762496488,11291,4447,9765,4169000,100
1700762496594,11291,4447,9765,4169000,100
1700762496699,11291,4447,9765,4169000,100
1700762496804,11291,4447,9765,4169000,100
1700762496910,11291,4447,9765,4169000,100
1700762497015,11291,4447,9765,4169000,100
1700762497121,11291,4447,9765,4169000,100
1700762497226,11291,4447,9765,4169000,100
1700762497332,11291,4447,9765,4169000,100
1700762497437,11291,4447,9765,4169000,100
1700762497547,11291,4447,9765,4169000,100
1700762497656,11291,4447,9765,4169000,100
1700762497762,11291,4447,9765,4169000,100
1700762497868,11291,4447,9765,4169000,100
1700762497974,11291,4447,9765,4169000,100
1700762498080,11291,4447,9765,4169000,100
1700762498188,11291,4447,9765,4169000,100
1700762498295,11291,4447,9765,4169000,100
1700762498399,11291,4447,9765,4169000,100
1700762498505,11291,4447,9765,4169000,100
1700762498611,11291,4447,9765,4169000,100
1700762498716,11291,4447,9765,4169000,100
1700762498823,11291,4447,9765,4169000,100
1700762498929,11291,4447,9765,4169000,100
1700762499034,11291,4447,9765,4169000,100
1700762499140,11291,4447,9765,4169000,100
1700762499246,11291,4447,9765,4169000,100
1700762499353,11291,4447,9765,4169000,100
1700762499458,11291,4447,9765,4169000,100
1700762499563,11291,4447,9765,4169000,100
1700762499669,11291,4447,9765,4169000,100
1700762499774,11291,4447,9765,4169000,100
1700762499879,11291,4447,9765,4169000,100
1700762499985,11291,4447,9765,4169000,100
1700762500095,11291,4447,9765,4169000,100
1700762500202,11291,4447,9765,4169000,100
1700762500309,11291,4447,9765,4169000,100
1700762500415,11291,4447,9765,4169000,100
1700762500522,11291,4447,9765,4169000,100
1700762500628,11291,4447,9765,4169000,100
1700762500735,11291,4447,9765,4169000,100
1700762500841,11291,4447,9765,4169000,100
1700762500948,11291,4447,9765,4169000,100
1700762501055,11291,4447,9765,4169000,100
1700762501161,11291,4447,9765,4169000,100
1700762501269,11291,4447,9765,4169000,100
1700762501376,11291,4447,9765,4169000,100
1700762501483,11291,4447,9765,4169000,100
1700762501589,11291,4447,9765,4169000,100
1700762501698,11291,4447,9765,4169000,100
1700762501804,11291,4447,9765,4169000,100
1700762501912,11291,4447,9765,4169000,100
1700762502019,11291,4447,9765,4169000,100
1700762502127,11291,4447,9765,4169000,100
1700762502234,11291,4447,9765,4169000,100
1700762502342,11291,4447,9765,4169000,100
1700762502449,11291,4447,9765,4169000,100
1700762502555,11291,4447,9765,4169000,100
1700762502662,11291,4447,9765,4169000,100
1700762502770,11291,4447,9765,4169000,100
1700762502875,11291,4447,9765,4169000,100
1700762502980,11291,4447,9765,4169000,100
1700762503086,11291,4447,9765,4169000,100
1700762503191,11291,4447,9765,4169000,100
1700762503296,11291,4447,9765,4169000,100
1700762503401,11291,4447,9765,4169000,100
1700762503507,11291,4447,9765,4169000,100
1700762503614,11291,4447,9765,4169000,100
1700762503722,11291,4447,9765,4169000,100
1700762503828,11291,4447,9765,4169000,100
1700762503935,11291,4447,9765,4169000,100
1700762504044,11291,4447,9765,4169000,100
1700762504151,11291,4447,9765,4169000,100
1700762504259,11291,4447,9765,4169000,100
1700762504365,11291,4447,9765,4169000,100
1700762504471,11291,4447,9765,4169000,100
1700762504577,11291,4447,9765,4169000,100
1700762504682,11291,4447,9765,4169000,100
1700762504787,11291,4447,9765,4169000,100
1700762504893,11291,4447,9765,4169000,100
1700762505002,11291,4447,9765,4169000,100
1700762505110,11291,4447,9765,4169000,100
1700762505217,11291,4447,9765,4169000,100
1700762505323,11291,4447,9765,4169000,100
1700762505431,11291,4447,9765,4169000,100
1700762505536,11291,4447,9765,4169000,100
1700762505643,11291,4447,9765,4169000,100
1700762505748,11291,4447,9765,4169000,100
1700762505854,11291,4447,9765,4169000,100
1700762505959,11291,4447,9765,4169000,100
1700762506067,11291,4447,9765,4169000,100
1700762506172,11291,4447,9765,4169000,100
1700762506278,11291,4447,9765,4169000,100
1700762506382,11291,4447,9765,4169000,100
1700762506489,11291,4447,9765,4169000,100
1700762506594,11291,4447,9765,4169000,100
1700762506700,11291,4447,9765,4169000,100
1700762506805,11291,4447,9765,4169000,100
1700762506910,11291,4447,9765,4169000,100
1700762507015,11291,4447,9765,4169000,100
1700762507122,11291,4447,9765,4169000,100
1700762507229,11291,4447,9765,4169000,100
1700762507336,11291,4447,9765,4169000,100
1700762507442,11291,4447,9765,4169000,100
1700762507549,11291,4447,9765,4169000,100
1700762507655,11291,4447,9765,4169000,100
1700762507760,11291,4447,9765,4169000,100
1700762507865,11291,4447,9765,4169000,100
1700762507970,11291,4447,9765,4169000,100
1700762508076,11291,4447,9765,4169000,100
1700762508182,11291,4447,9765,4169000,100
1700762508287,11291,4447,9765,4169000,100
1700762508393,11291,4447,9765,4169000,100
1700762508499,11291,4447,9765,4169000,100
1700762508607,11291,4447,9765,4169000,100
1700762508716,11291,4447,9765,4169000,100
1700762508820,11291,4447,9765,4169000,100
1700762508926,11291,4447,9765,4169000,100
1700762509030,11291,4447,9765,4169000,100
1700762509137,11291,4447,9765,4169000,100
1700762509242,11291,4447,9765,4169000,100
1700762509348,11291,4447,9765,4169000,100
1700762509455,11291,4447,9765,4169000,100
1700762509562,11291,4447,9765,4169000,100
1700762509667,11291,4447,9765,4169000,100
1700762509775,11291,4447,9765,4169000,100
1700762509881,11291,4447,9765,4169000,100
1700762509989,11291,4447,9765,4169000,100
1700762510094,11291,4447,9765,4169000,100
1700762510199,11291,4447,9765,4169000,100
1700762510306,11291,4447,9765,4169000,100
1700762510412,11291,4447,9765,4169000,100
1700762510521,11291,4447,9765,4169000,100
1700762510630,11291,4447,9765,4169000,100
1700762510735,11291,4447,9765,4169000,100
1700762510843,11291,4447,9765,4169000,100
1700762510950,11291,4447,9765,4169000,100
1700762511057,10986,4447,9765,4169000,100
1700762511163,10986,4447,9765,4169000,100
1700762511268,10986,4447,9765,4169000,100
1700762511375,10986,4447,9765,4169000,100
1700762511481,10986,4447,9765,4169000,100
1700762511589,10986,4447,9765,4169000,100
1700762511694,10986,4447,9765,4169000,100
1700762511802,10986,4447,9765,4169000,100
1700762511910,10986,4447,9765,4169000,100
1700762512016,10986,4447,9765,4169000,100
1700762512123,10986,4447,9765,4169000,100
1700762512231,10986,4447,9765,4169000,100
1700762512337,10986,4447,9765,4169000,100
1700762512446,10986,4447,9765,4169000,100
1700762512555,10986,4447,9765,4169000,100
1700762512663,10986,4447,9765,4169000,100
1700762512769,10986,4447,9765,4169000,100
1700762512876,10986,4447,9765,4169000,100
1700762512981,10986,4447,9765,4169000,100
1700762513088,10986,4447,9765,4169000,100
1700762513195,10986,4447,9765,4169000,100
1700762513305,10986,4447,9765,4169000,100
1700762513413,10986,4447,9765,4169000,100
1700762513521,10986,4447,9765,4169000,100
1700762513628,10986,4447,9765,4169000,100
1700762513738,10986,4447,9765,4169000,100
1700762513847,10986,4447,9765,4169000,100
1700762513953,10986,4447,9765,4169000,100
1700762514060,10986,4447,9765,4169000,100
1700762514165,10986,4447,9765,4169000,100
1700762514271,10986,4447,9765,4169000,100
1700762514378,10986,4447,9765,4169000,100
1700762514485,10986,4447,9765,4169000,100
1700762514592,10986,4447,9765,4169000,100
1700762514698,10986,4447,9765,4169000,100
1700762514805,10986,4447,9765,4169000,100
1700762514910,10986,4447,9765,4169000,100
1700762515017,10986,4447,9765,4169000,100
1700762515126,10986,4447,9765,4169000,100
1700762515232,10986,4447,9765,4169000,100
1700762515340,10986,4447,9765,4169000,100
1700762515449,10986,4447,9765,4169000,100
1700762515555,10986,4447,9765,4169000,100
1700762515662,10986,4447,9765,4169000,100
1700762515770,10986,4447,9765,4169000,100
1700762515876,10986,4447,9765,4169000,100
1700762515986,10986,4447,9765,4169000,100
1700762516093,10986,4447,9765,4169000,100
1700762516199,10986,4447,9765,4169000,100
1700762516307,10986,4447,9765,4169000,100
1700762516413,10986,4447,9765,4169000,100
1700762516519,10986,4447,9765,4169000,100
1700762516628,10986,4447,9765,4169000,100
1700762516735,10986,4447,9765,4169000,100
1700762516842,10986,4447,9765,4169000,100
1700762516947,10986,4447,9765,4169000,100
1700762517053,10986,4447,9765,4169000,100
1700762517161,10986,4447,9765,4169000,100
1700762517269,10986,4447,9765,4169000,100
1700762517375,10986,4447,9765,4169000,100
1700762517482,10986,4447,9765,4169000,100
1700762517588,10986,4447,9765,4169000,100
1700762517693,10986,4447,9765,4169000,100
1700762517800,10986,4447,9765,4169000,100
1700762517907,10986,4447,9765,4169000,100
1700762518014,10986,4447,9765,4169000,100
1700762518121,10986,4447,9765,4169000,100
1700762518227,10986,4447,9765,4169000,100
1700762518335,10986,4447,9765,4169000,100
1700762518442,10986,4447,9765,4169000,100
1700762518547,10986,4447,9765,4169000,100
1700762518655,10986,4447,9765,4169000,100
1700762518761,10986,4447,9765,4169000,100
1700762518868,10986,4447,9765,4169000,100
1700762518974,10986,4447,9765,4169000,100
1700762519079,10986,4447,9765,4169000,100
1700762519185,10986,4447,9765,4169000,100
1700762519291,10986,4447,9765,4169000,100
1700762519396,10986,4447,9765,4169000,100
1700762519503,10986,4447,9765,4169000,100
1700762519612,10986,4447,9765,4169000,100
1700762519721,10986,4447,9765,4169000,100
1700762519825,10986,4447,9765,4169000,100
1700762519934,10986,4447,9765,4169000,100
1700762520041,10986,4447,9765,4169000,100
1700762520148,10986,4447,9765,4169000,100
1700762520254,10986,4447,9765,4169000,100
1700762520361,10986,4447,9765,4169000,100
1700762520469,10986,4447,9765,4169000,100
1700762520574,10986,4447,9765,4169000,100
1700762520681,10986,4447,9765,4169000,100
1700762520788,10986,4447,9765,4169000,100
1700762520895,10986,4447,9765,4169000,100
1700762521002,10986,4447,9765,4169000,100
1700762521108,10986,4447,9765,4169000,100
1700762521214,10986,4447,9765,4169000,100
1700762521320,10986,4447,9765,4169000,100
1700762521425,10986,4447,9765,4169000,100
1700762521530,10986,4447,9765,4169000,100
1700762521639,10986,4447,9765,4169000,100
1700762521745,10986,4447,9765,4169000,100
1700762521852,10986,4447,9765,4169000,100
1700762521961,10986,4447,9765,4169000,100
1700762522068,10986,4447,9765,4169000,100
1700762522174,10986,4447,9765,4169000,100
1700762522281,10986,4447,9765,4169000,100
1700762522388,10986,4447,9765,4169000,100
1700762522495,10986,4447,9765,4169000,100
1700762522602,10986,4447,9765,4169000,100
1700762522707,10986,4447,9765,4169000,100
1700762522812,10986,4447,9765,4169000,100
1700762522918,10986,4447,9765,4169000,100
1700762523023,10986,4447,9765,4169000,100
1700762523132,10986,4447,9765,4169000,100
1700762523240,10986,4447,9765,4169000,100
1700762523345,10986,4447,9765,4169000,100
1700762523458,10986,4447,9765,4169000,100
1700762523564,10986,4447,9765,4169000,100
1700762523672,10986,4447,9765,4169000,100
1700762523777,10986,4447,9765,4169000,100
1700762523887,10986,4447,9765,4169000,100
1700762523993,10986,4447,9765,4169000,100
1700762524099,10986,4447,9765,4169000,100
1700762524205,10986,4447,9765,4169000,100
1700762524312,10986,4447,9765,4169000,100
1700762524420,10986,4447,9765,4169000,100
1700762524526,10986,4447,9765,4169000,100
1700762524634,10986,4447,9765,4169000,100
1700762524741,10986,4447,9765,4169000,100
1700762524847,10986,4447,9765,4169000,100
1700762524953,10986,4447,9765,4169000,100
1700762525059,10986,4447,9765,4169000,100
1700762525167,10986,4447,9765,4169000,100
1700762525273,10986,4447,9765,4169000,100
1700762525378,10986,4447,9765,4169000,100
1700762525483,10986,4447,9765,4169000,100
1700762525591,10986,4447,9765,4169000,100
1700762525699,10986,4447,9765,4169000,100
1700762525805,10986,4447,9765,4169000,100
1700762525913,10986,4447,9765,4169000,100
1700762526022,10986,4447,9765,4169000,100
1700762526128,10986,4447,9765,4169000,100
1700762526240,10986,4447,9765,4169000,100
1700762526348,10986,4447,9765,4169000,100
1700762526456,10986,4447,9765,4169000,100
1700762526565,10986,4447,9765,4169000,100
1700762526673,10986,4447,9765,4169000,100
1700762526779,10986,4447,9765,4169000,100
1700762526886,10986,4447,9765,4169000,100
1700762526992,11596,4447,9765,4169000,100
1700762527098,11596,4447,9765,4169000,100
1700762527205,11596,4447,9765,4169000,100
1700762527310,11596,4447,9765,4169000,100
1700762527417,11596,4447,9765,4169000,100
1700762527525,11596,4447,9765,4169000,100
1700762527632,11596,4447,9765,4169000,100
1700762527738,11596,4447,9765,4169000,100
1700762527845,11596,4447,9765,4169000,100
1700762527951,11596,4447,9765,4169000,100
1700762528059,11596,4447,9765,4169000,100
1700762528164,11596,4447,9765,4169000,100
1700762528272,11596,4447,9765,4169000,100
1700762528378,11596,4447,9765,4169000,100
1700762528484,11596,4447,9765,4169000,100
1700762528592,11596,4447,9765,4169000,100
1700762528700,11596,4447,9765,4169000,100
1700762528806,11596,4447,9765,4169000,100
1700762528912,11596,4447,9765,4169000,100
1700762529022,11596,4447,9765,4169000,100
1700762529131,11596,4447,9765,4169000,100
1700762529239,11596,4447,9765,4169000,100
1700762529346,11596,4447,9765,4169000,100
1700762529452,11596,4447,9765,4169000,100
1700762529558,11596,4447,9765,4169000,100
1700762529664,11596,4447,9765,4169000,100
1700762529773,11596,4447,9765,4169000,100
1700762529878,11596,4447,9765,4169000,100
1700762529985,11596,4447,9765,4169000,100
1700762530091,11596,4447,9765,4169000,100
1700762530197,11596,4447,9765,4169000,100
1700762530303,11596,4447,9765,4169000,100
1700762530409,11596,4447,9765,4169000,100
1700762530515,11596,4447,9765,4169000,100
1700762530621,11596,4447,9765,4169000,100
1700762530726,11596,4447,9765,4169000,100
1700762530833,11596,4447,9765,4169000,100
1700762530940,11596,4447,9765,4169000,100
1700762531045,11596,4447,9765,4169000,100
1700762531154,11596,4447,9765,4169000,100
1700762531259,11596,4447,9765,4169000,100
1700762531365,11596,4447,9765,4169000,100
1700762531470,11596,4447,9765,4169000,100
1700762531575,11596,4447,9765,4169000,100
1700762531682,11596,4447,9765,4169000,100
1700762531788,11596,4447,9765,4169000,100
1700762531894,11596,4447,9765,4169000,100
1700762532001,11596,4447,9765,4169000,100
1700762532106,11596,4447,9765,4169000,100
1700762532212,11596,4447,9765,4169000,100
1700762532317,11596,4447,9765,4169000,100
1700762532422,11596,4447,9765,4169000,100
1700762532526,11596,4447,9765,4169000,100
1700762532633,11596,4447,9765,4169000,100
1700762532739,11596,4447,9765,4169000,100
1700762532845,11596,4447,9765,4169000,100
1700762532952,11596,4447,9765,4169000,100
1700762533060,11596,4447,9765,4169000,100
1700762533168,11596,4447,9765,4169000,100
1700762533275,11596,4447,9765,4169000,100
1700762533381,11596,4447,9765,4169000,100
1700762533490,11596,4447,9765,4169000,100
1700762533596,11596,4447,9765,4169000,100
1700762533702,11596,4447,9765,4169000,100
1700762533808,11596,4447,9765,4169000,100
1700762533914,11596,4447,9765,4169000,100
1700762534024,11596,4447,9765,4169000,100
1700762534129,11596,4447,9765,4169000,100
1700762534237,11596,4447,9765,4169000,100
1700762534343,11596,4447,9765,4169000,100
1700762534450,11596,4447,9765,4169000,100
1700762534556,11596,4447,9765,4169000,100
1700762534663,11596,4447,9765,4169000,100
1700762534770,11596,4447,9765,4169000,100
1700762534877,11596,4447,9765,4169000,100
1700762534985,11596,4447,9765,4169000,100
1700762535091,11596,4447,9765,4169000,100
1700762535198,11596,4447,9765,4169000,100
1700762535306,11596,4447,9765,4169000,100
1700762535412,11596,4447,9765,4169000,100
1700762535518,11596,4447,9765,4169000,100
1700762535627,11596,4447,9765,4169000,100
1700762535734,11596,4447,9765,4169000,100
1700762535840,11596,4447,9765,4169000,100
1700762535947,11596,4447,9765,4169000,100
1700762536055,11596,4447,9765,4169000,100
1700762536164,11596,4447,9765,4169000,100
1700762536272,11596,4447,9765,4169000,100
1700762536378,11596,4447,9765,4169000,100
1700762536484,11596,4447,9765,4169000,100
1700762536589,11596,4447,9765,4169000,100
1700762536696,11596,4447,9765,4169000,100
1700762536803,11596,4447,9765,4169000,100
1700762536909,11596,4447,9765,4169000,100
1700762537018,11596,4447,9765,4169000,100
1700762537124,11596,4447,9765,4169000,100
1700762537230,11596,4447,9765,4169000,100
1700762537339,11596,4447,9765,4169000,100
1700762537445,11596,4447,9765,4169000,100
1700762537554,11596,4447,9765,4169000,100
1700762537660,11596,4447,9765,4169000,100
1700762537767,11596,4447,9765,4169000,100
1700762537872,11596,4447,9765,4169000,100
1700762537978,11596,4447,9765,4169000,100
1700762538085,11596,4447,9765,4169000,100
1700762538192,11596,4447,9765,4169000,100
1700762538300,11596,4447,9765,4169000,100
1700762538406,11596,4447,9765,4169000,100
1700762538512,11596,4447,9765,4169000,100
1700762538620,11596,4447,9765,4169000,100
1700762538726,11596,4447,9765,4169000,100
1700762538834,11596,4447,9765,4169000,100
1700762538941,11596,4447,9765,4169000,100
1700762539049,11596,4447,9765,4169000,100
1700762539156,11596,4447,9765,4169000,100
1700762539261,11596,4447,9765,4169000,100
1700762539367,11596,4447,9765,4169000,100
1700762539474,11596,4447,9765,4169000,100
1700762539580,11596,4447,9765,4169000,100
1700762539690,11596,4447,9765,4169000,100
1700762539798,11596,4447,9765,4169000,100
1700762539904,11596,4447,9765,4169000,100
1700762540012,11596,4447,9765,4169000,100
1700762540119,11596,4447,9765,4169000,100
1700762540226,11596,4447,9765,4169000,100
1700762540332,11596,4447,9765,4169000,100
1700762540439,11596,4447,9765,4169000,100
1700762540546,11596,4447,9765,4169000,100
1700762540651,11596,4447,9765,4169000,100
1700762540758,11596,4447,9765,4169000,100
1700762540864,11596,4447,9765,4169000,100
1700762540971,11596,4447,9765,4169000,100
1700762541080,11596,4447,9765,4169000,100
1700762541186,11596,4447,9765,4169000,100
1700762541293,11596,4447,9765,4169000,100
1700762541399,11596,4447,9765,4169000,100
1700762541506,11596,4447,9765,4169000,100
1700762541613,11596,4447,9765,4169000,100
1700762541718,11596,4447,9765,4169000,100
1700762541823,11596,4447,9765,4169000,100
1700762541928,11596,4447,9765,4169000,100
1700762542034,11596,4447,9765,4169000,100
1700762542139,11596,4447,9765,4169000,100
1700762542245,11596,4447,9765,4169000,100
1700762542351,11596,4447,9765,4169000,100
1700762542459,11596,4447,9765,4169000,100
1700762542566,11596,4447,9765,4169000,100
1700762542673,11596,4447,9765,4169000,100
1700762542782,11596,4447,9765,4169000,100
1700762542888,11596,4447,9765,4169000,100
1700762542997,12207,4447,9765,4169000,100
1700762543103,12207,4447,9765,4169000,100
1700762543209,12207,4447,9765,4169000,100
1700762543314,12207,4447,9765,4169000,100
1700762543419,12207,4447,9765,4169000,100
1700762543528,12207,4447,9765,4169000,100
1700762543633,12207,4447,9765,4169000,100
1700762543742,12207,4447,9765,4169000,100
1700762543849,12207,4447,9765,4169000,100
1700762543954,12207,4447,9765,4169000,100
1700762544064,12207,4447,9765,4169000,100
1700762544170,12207,4447,9765,4169000,100
1700762544276,12207,4447,9765,4169000,100
1700762544383,12207,4447,9765,4169000,100
1700762544490,12207,4447,9765,4169000,100
1700762544598,12207,4447,9765,4169000,100
1700762544703,12207,4447,9765,4169000,100
1700762544811,12207,4447,9765,4169000,100
1700762544918,12207,4447,9765,4169000,100
1700762545023,12207,4447,9765,4169000,100
1700762545129,12207,4447,9765,4169000,100
1700762545237,12207,4447,9765,4169000,100
1700762545345,12207,4447,9765,4169000,100
1700762545451,12207,4447,9765,4169000,100
1700762545558,12207,4447,9765,4169000,100
1700762545665,12207,4447,9765,4169000,100
1700762545771,12207,4447,9765,4169000,100
1700762545878,12207,4447,9765,4169000,100
1700762545985,12207,4447,9765,4169000,100
1700762546092,12207,4447,9765,4169000,100
1700762546200,12207,4447,9765,4169000,100
1700762546307,12207,4447,9765,4169000,100
1700762546414,12207,4447,9765,4169000,100
1700762546523,12207,4447,9765,4169000,100
1700762546631,12207,4447,9765,4169000,100
1700762546737,12207,4447,9765,4169000,100
1700762546843,12207,4447,9765,4169000,100
1700762546950,12207,4447,9765,4169000,100
1700762547057,12207,4447,9765,4169000,100
1700762547163,12207,4447,9765,4169000,100
1700762547271,12207,4447,9765,4169000,100
1700762547376,12207,4447,9765,4169000,100
1700762547482,12207,4447,9765,4169000,100
1700762547588,12207,4447,9765,4169000,100
1700762547695,12207,4447,9765,4169000,100
1700762547803,12207,4447,9765,4169000,100
1700762547909,12207,4447,9765,4169000,100
1700762548017,12207,4447,9765,4169000,100
1700762548126,12207,4447,9765,4169000,100
1700762548234,12207,4447,9765,4169000,100
1700762548344,12207,4447,9765,4169000,100
1700762548451,12207,4447,9765,4169000,100
1700762548561,12207,4447,9765,4169000,100
1700762548667,12207,4447,9765,4169000,100
1700762548773,12207,4447,9765,4169000,100
1700762548880,12207,4447,9765,4169000,100
1700762548985,12207,4447,9765,4169000,100
1700762549096,12207,4447,9765,4169000,100
1700762549204,12207,4447,9765,4169000,100
1700762549314,12207,4447,9765,4169000,100
1700762549421,12207,4447,9765,4169000,100
1700762549528,12207,4447,9765,4169000,100
1700762549634,12207,4447,9765,4169000,100
1700762549740,12207,4447,9765,4169000,100
1700762549848,12207,4447,9765,4169000,100
1700762549956,12207,4447,9765,4169000,100
1700762550062,12207,4447,9765,4169000,100
1700762550167,12207,4447,9765,4169000,100
1700762550274,12207,4447,9765,4169000,100
1700762550380,12207,4447,9765,4169000,100
1700762550490,12207,4447,9765,4169000,100
1700762550595,12207,4447,9765,4169000,100
1700762550704,12207,4447,9765,4169000,100
1700762550812,12207,4447,9765,4169000,100
1700762550921,12207,4447,9765,4169000,100
1700762551028,12207,4447,9765,4169000,100
1700762551138,12207,4447,9765,4169000,100
1700762551246,12207,4447,9765,4169000,100
1700762551355,12207,4447,9765,4169000,100
1700762551462,12207,4447,9765,4169000,100
1700762551568,12207,4447,9765,4169000,100
1700762551675,12207,4447,9765,4169000,100
1700762551781,12207,4447,9765,4169000,100
1700762551886,12207,4447,9765,4169000,100
1700762551992,12207,4447,9765,4169000,100
1700762552098,12207,4447,9765,4169000,100
1700762552204,12207,4447,9765,4169000,100
1700762552310,12207,4447,9765,4169000,100
1700762552417,12207,4447,9765,4169000,100
1700762552526,12207,4447,9765,4169000,100
1700762552636,12207,4447,9765,4169000,100
1700762552746,12207,4447,9765,4169000,100
1700762552851,12207,4447,9765,4169000,100
1700762552958,12207,4447,9765,4169000,100
1700762553065,12207,4447,9765,4169000,100
1700762553173,12207,4447,9765,4169000,100
1700762553283,12207,4447,9765,4169000,100
1700762553392,12207,4447,9765,4169000,100
1700762553500,12207,4447,9765,4169000,100
1700762553607,12207,4447,9765,4169000,100
1700762553716,12207,4447,9765,4169000,100
1700762553826,12207,4447,9765,4169000,100
1700762553934,12207,4447,9765,4169000,100
1700762554041,12207,4447,9765,4169000,100
1700762554147,12207,4447,9765,4169000,100
1700762554251,12207,4447,9765,4169000,100
1700762554356,12207,4447,9765,4169000,100
1700762554463,12207,4447,9765,4169000,100
1700762554571,12207,4447,9765,4169000,100
1700762554681,12207,4447,9765,4169000,100
1700762554788,12207,4447,9765,4169000,100
1700762554895,12207,4447,9765,4169000,100
1700762555002,12207,4447,9765,4169000,100
1700762555110,12207,4447,9765,4169000,100
1700762555218,12207,4447,9765,4169000,100
1700762555328,12207,4447,9765,4169000,100
1700762555436,12207,4447,9765,4169000,100
1700762555544,12207,4447,9765,4169000,100
1700762555650,12207,4447,9765,4169000,100
1700762555755,12207,4447,9765,4169000,100
1700762555862,12207,4447,9765,4169000,100
1700762555968,12207,4447,9765,4169000,100
1700762556076,12207,4447,9765,4169000,100
1700762556186,12207,4447,9765,4169000,100
1700762556294,12207,4447,9765,4169000,100
1700762556402,12207,4447,9765,4169000,100
1700762556509,12207,4447,9765,4169000,100
1700762556617,12207,4447,9765,4169000,100
1700762556725,12207,4447,9765,4169000,100
1700762556831,12207,4447,9765,4169000,100
1700762556940,12207,4447,9765,4169000,100
1700762557045,12207,4447,9765,4169000,100
1700762557152,12207,4447,9765,4169000,100
1700762557258,12207,4447,9765,4169000,100
1700762557366,12207,4447,9765,4169000,100
1700762557475,12207,4447,9765,4169000,100
1700762557581,12207,4447,9765,4169000,100
1700762557689,12207,4447,9765,4169000,100
1700762557798,12207,4447,9765,4169000,100
1700762557904,12207,4447,9765,4169000,100
1700762558011,12207,4447,9765,4169000,100
1700762558120,12207,4447,9765,4169000,100
1700762558228,12207,4447,9765,4169000,100
1700762558333,12207,4447,9765,4169000,100
1700762558440,12207,4447,9765,4169000,100
1700762558546,12207,4447,9765,4169000,100
1700762558651,12207,4447,9765,4169000,100
1700762558757,12207,4447,9765,4169000,100
1700762558866,12207,4447,9765,4169000,100
1700762558972,10681,4447,9765,4169000,100
1700762559081,10681,4447,9765,4169000,100
1700762559190,10681,4447,9765,4169000,100
1700762559297,10681,4447,9765,4169000,100
1700762559404,10681,4447,9765,4169000,100
1700762559511,10681,4447,9765,4169000,100
1700762559617,10681,4447,9765,4169000,100
1700762559723,10681,4447,9765,4169000,100
1700762559828,10681,4447,9765,4169000,100
1700762559934,10681,4447,9765,4169000,100
1700762560041,10681,4447,9765,4169000,100
1700762560148,10681,4447,9765,4169000,100
1700762560253,10681,4447,9765,4169000,100
1700762560359,10681,4447,9765,4169000,100
1700762560469,10681,4447,9765,4169000,100
1700762560578,10681,4447,9765,4169000,100
1700762560685,10681,4447,9765,4169000,100
1700762560794,10681,4447,9765,4169000,100
1700762560902,10681,4447,9765,4169000,100
1700762561008,10681,4447,9765,4169000,100
1700762561115,10681,4447,9765,4169000,100
1700762561220,10681,4447,9765,4169000,100
1700762561326,10681,4447,9765,4169000,100
1700762561433,10681,4447,9765,4169000,100
1700762561540,10681,4447,9765,4169000,100
1700762561648,10681,4447,9765,4169000,100
1700762561756,10681,4447,9765,4169000,100
1700762561863,10681,4447,9765,4169000,100
1700762561971,10681,4447,9765,4169000,100
1700762562078,10681,4447,9765,4169000,100
1700762562187,10681,4447,9765,4169000,100
1700762562296,10681,4447,9765,4169000,100
1700762562401,10681,4447,9765,4169000,100
1700762562507,10681,4447,9765,4169000,100
1700762562612,10681,4447,9765,4169000,100
1700762562718,10681,4447,9765,4169000,100
1700762562825,10681,4447,9765,4169000,100
1700762562932,10681,4447,9765,4169000,100
1700762563040,10681,4447,9765,4169000,100
1700762563146,10681,4447,9765,4169000,100
1700762563252,10681,4447,9765,4169000,100
1700762563361,10681,4447,9765,4169000,100
1700762563470,10681,4447,9765,4169000,100
1700762563577,10681,4447,9765,4169000,100
1700762563686,10681,4447,9765,4169000,100
1700762563793,10681,4447,9765,4169000,100
1700762563899,10681,4447,9765,4169000,100
1700762564005,10681,4447,9765,4169000,100
1700762564113,10681,4447,9765,4169000,100
1700762564221,10681,4447,9765,4169000,100
1700762564332,10681,4447,9765,4169000,100
1700762564440,10681,4447,9765,4169000,100
1700762564548,10681,4447,9765,4169000,100
1700762564654,10681,4447,9765,4169000,100
1700762564760,10681,4447,9765,4169000,100
1700762564866,10681,4447,9765,4169000,100
1700762564975,10681,4447,9765,4169000,100
1700762565081,10681,4447,9765,4169000,100
1700762565189,10681,4447,9765,4169000,100
1700762565294,10681,4447,9765,4169000,100
1700762565400,10681,4447,9765,4169000,100
1700762565506,10681,4447,9765,4169000,100
1700762565612,10681,4447,9765,4169000,100
1700762565718,10681,4447,9765,4169000,100
1700762565824,10681,4447,9765,4169000,100
1700762565934,10681,4447,9765,4169000,100
1700762566041,10681,4447,9765,4169000,100
1700762566150,10681,4447,9765,4169000,100
1700762566257,10681,4447,9765,4169000,100
1700762566365,10681,4447,9765,4169000,100
1700762566474,10681,4447,9765,4169000,100
1700762566580,10681,4447,9765,4169000,100
1700762566687,10681,4447,9765,4169000,100
1700762566793,10681,4447,9765,4169000,100
1700762566901,10681,4447,9765,4169000,100
1700762567009,10681,4447,9765,4169000,100
1700762567116,10681,4447,9765,4169000,100
1700762567223,10681,4447,9765,4169000,100
1700762567332,10681,4447,9765,4169000,100
1700762567440,10681,4447,9765,4169000,100
1700762567549,10681,4447,9765,4169000,100
1700762567659,10681,4447,9765,4169000,100
1700762567764,10681,4447,9765,4169000,100
1700762567871,10681,4447,9765,4169000,100
1700762567977,10681,4447,9765,4169000,100
1700762568083,10681,4447,9765,4169000,100
1700762568189,10681,4447,9765,4169000,100
1700762568295,10681,4447,9765,4169000,100
1700762568402,10681,4447,9765,4169000,100
1700762568510,10681,4447,9765,4169000,100
1700762568620,10681,4447,9765,4169000,100
1700762568728,10681,4447,9765,4169000,100
1700762568835,10681,4447,9765,4169000,100
1700762568941,10681,4447,9765,4169000,100
1700762569052,10681,4447,9765,4169000,100
1700762569161,10681,4447,9765,4169000,100
1700762569266,10681,4447,9765,4169000,100
1700762569373,10681,4447,9765,4169000,100
1700762569478,10681,4447,9765,4169000,100
1700762569585,10681,4447,9765,4169000,100
1700762569692,10681,4447,9765,4169000,100
1700762569799,10681,4447,9765,4169000,100
1700762569907,10681,4447,9765,4169000,100
1700762570014,10681,4447,9765,4169000,100
1700762570122,10681,4447,9765,4169000,100
1700762570229,10681,4447,9765,4169000,100
1700762570338,10681,4447,9765,4169000,100
1700762570446,10681,4447,9765,4169000,100
1700762570552,10681,4447,9765,4169000,100
1700762570656,10681,4447,9765,4169000,100
1700762570762,10681,4447,9765,4169000,100
1700762570868,10681,4447,9765,4169000,100
1700762570975,10681,4447,9765,4169000,100
1700762571081,10681,4447,9765,4169000,100
1700762571190,10681,4447,9765,4169000,100
1700762571299,10681,4447,9765,4169000,100
1700762571409,10681,4447,9765,4169000,100
1700762571516,10681,4447,9765,4169000,100
1700762571624,10681,4447,9765,4169000,100
1700762571732,10681,4447,9765,4169000,100
1700762571839,10681,4447,9765,4169000,100
1700762571948,10681,4447,9765,4169000,100
1700762572052,10681,4447,9765,4169000,100
1700762572157,10681,4447,9765,4169000,100
1700762572264,10681,4447,9765,4169000,100
1700762572370,10681,4447,9765,4169000,100
1700762572477,10681,4447,9765,4169000,100
1700762572585,10681,4447,9765,4169000,100
1700762572700,10681,4447,9765,4169000,100
1700762572806,10681,4447,9765,4169000,100
1700762572913,10681,4447,9765,4169000,100
1700762573023,10681,4447,9765,4169000,100
1700762573132,10681,4447,9765,4169000,100
1700762573239,10681,4447,9765,4169000,100
1700762573349,10681,4447,9765,4169000,100
1700762573454,10681,4447,9765,4169000,100
1700762573561,10681,4447,9765,4169000,100
1700762573668,10681,4447,9765,4169000,100
1700762573773,10681,4447,9765,4169000,100
1700762573881,10681,4447,9765,4169000,100
1700762573991,10681,4447,9765,4169000,100
1700762574098,10681,4447,9765,4169000,100
1700762574205,10681,4447,9765,4169000,100
1700762574313,10681,4447,9765,4169000,100
1700762574420,10681,4447,9765,4169000,100
1700762574528,10681,4447,9765,4169000,100
1700762574641,10681,4447,9765,4169000,100
1700762574751,10681,4447,9765,4169000,100
1700762574856,10681,4447,9765,4169000,100
1700762574962,11596,4447,9765,4169000,100
1700762575067,11596,4447,9765,4169000,100
1700762575174,11596,4447,9765,4169000,100
1700762575281,11596,4447,9765,4169000,100
1700762575389,11596,4447,9765,4169000,100
1700762575498,11596,4447,9765,4169000,100
1700762575606,11596,4447,9765,4169000,100
1700762575714,11596,4447,9765,4169000,100
1700762575821,11596,4447,9765,4169000,100
1700762575928,11596,4447,9765,4169000,100
1700762576036,11596,4447,9765,4169000,100
1700762576142,11596,4447,9765,4169000,100
1700762576249,11596,4447,9765,4169000,100
1700762576356,11596,4447,9765,4169000,100
1700762576462,11596,4447,9765,4169000,100
1700762576568,11596,4447,9765,4169000,100
1700762576676,11596,4447,9765,4169000,100
1700762576781,11596,4447,9765,4169000,100
1700762576890,11596,4447,9765,4169000,100
1700762576997,11596,4447,9765,4169000,100
1700762577104,11596,4447,9765,4169000,100
1700762577211,11596,4447,9765,4169000,100
1700762577319,11596,4447,9765,4169000,100
1700762577426,11596,4447,9765,4169000,100
1700762577534,11596,4447,9765,4169000,100
1700762577639,11596,4447,9765,4169000,100
1700762577746,11596,4447,9765,4169000,100
1700762577854,11596,4447,9765,4169000,100
1700762577962,11596,4447,9765,4169000,100
1700762578070,11596,4447,9765,4169000,100
1700762578179,11596,4447,9765,4169000,100
1700762578287,11596,4447,9765,4169000,100
1700762578395,11596,4447,9765,4169000,100
1700762578502,11596,4447,9765,4169000,100
1700762578610,11596,4447,9765,4169000,100
1700762578717,11596,4447,9765,4169000,100
1700762578823,11596,4447,9765,4169000,100
1700762578932,11596,4447,9765,4169000,100
1700762579038,11596,4447,9765,4169000,100
1700762579145,11596,4447,9765,4169000,100
1700762579251,11596,4447,9765,4169000,100
1700762579358,11596,4447,9765,4169000,100
1700762579466,11596,4447,9765,4169000,100
1700762579574,11596,4447,9765,4169000,100
1700762579682,11596,4447,9765,4169000,100
1700762579789,11596,4447,9765,4169000,100
1700762579898,11596,4447,9765,4169000,100
1700762580006,11596,4447,9765,4169000,100
1700762580115,11596,4447,9765,4169000,100
1700762580223,11596,4447,9765,4169000,100
1700762580333,11596,4447,9765,4169000,100
1700762580439,11596,4447,9765,4169000,100
1700762580543,11596,4447,9765,4169000,100
1700762580650,11596,4447,9765,4169000,100
1700762580759,11596,4447,9765,4169000,100
1700762580867,11596,4447,9765,4169000,100
1700762580974,11596,4447,9765,4169000,100
1700762581086,11596,4447,9765,4169000,100
1700762581195,11596,4447,9765,4169000,100
1700762581308,11596,4447,9765,4169000,100
1700762581415,11596,4447,9765,4169000,100
1700762581522,11596,4447,9765,4169000,100
1700762581633,11596,4447,9765,4169000,100
1700762581741,11596,4447,9765,4169000,100
1700762581848,11596,4447,9765,4169000,100
1700762581953,11596,4447,9765,4169000,100
1700762582058,11596,4447,9765,4169000,100
1700762582165,11596,4447,9765,4169000,100
1700762582273,11596,4447,9765,4169000,100
1700762582383,11596,4447,9765,4169000,100
1700762582491,11596,4447,9765,4169000,100
1700762582599,11596,4447,9765,4169000,100
1700762582708,11596,4447,9765,4169000,100
1700762582815,11596,4447,9765,4169000,100
1700762582922,11596,4447,9765,4169000,100
1700762583030,11596,4447,9765,4169000,100
1700762583139,11596,4447,9765,4169000,100
1700762583244,11596,4447,9765,4169000,100
1700762583352,11596,4447,9765,4169000,100
1700762583457,11596,4447,9765,4169000,100
1700762583564,11596,4447,9765,4169000,100
1700762583672,11596,4447,9765,4169000,100
1700762583778,11596,4447,9765,4169000,100
1700762583888,11596,4447,9765,4169000,100
1700762583994,11596,4447,9765,4169000,100
1700762584102,11596,4447,9765,4169000,100
1700762584211,11596,4447,9765,4169000,100
1700762584319,11596,4447,9765,4169000,100
1700762584426,11596,4447,9765,4169000,100
1700762584536,11596,4447,9765,4169000,100
1700762584641,11596,4447,9765,4169000,100
1700762584747,11596,4447,9765,4169000,100
1700762584853,11596,4447,9765,4169000,100
1700762584959,11596,4447,9765,4169000,100
1700762585068,11596,4447,9765,4169000,100
1700762585175,11596,4447,9765,4169000,100
1700762585284,11596,4447,9765,4169000,100
1700762585395,11596,4447,9765,4169000,100
1700762585504,11596,4447,9765,4169000,100
1700762585613,11596,4447,9765,4169000,100
1700762585721,11596,4447,9765,4169000,100
1700762585828,11596,4447,9765,4169000,100
1700762585935,11596,4447,9765,4169000,100
1700762586040,11596,4447,9765,4169000,100
1700762586145,11596,4447,9765,4169000,100
1700762586252,11596,4447,9765,4169000,100
1700762586359,11596,4447,9765,4169000,100
1700762586466,11596,4447,9765,4169000,100
1700762586573,11596,4447,9765,4169000,100
1700762586683,11596,4447,9765,4169000,100
1700762586789,11596,4447,9765,4169000,100
1700762586898,11596,4447,9765,4169000,100
1700762587007,11596,4447,9765,4169000,100
1700762587116,11596,4447,9765,4169000,100
1700762587224,11596,4447,9765,4169000,100
1700762587330,11596,4447,9765,4169000,100
1700762587437,11596,4447,9765,4169000,100
1700762587542,11596,4447,9765,4169000,100
1700762587650,11596,4447,9765,4169000,100
1700762587757,11596,4447,9765,4169000,100
1700762587865,11596,4447,9765,4169000,100
1700762587972,11596,4447,9765,4169000,100
1700762588081,11596,4447,9765,4169000,100
1700762588191,11596,4447,9765,4169000,100
1700762588300,11596,4447,9765,4169000,100
1700762588409,11596,4447,9765,4169000,100
1700762588518,11596,4447,9765,4169000,100
1700762588623,11596,4447,9765,4169000,100
1700762588728,11596,4447,9765,4169000,100
1700762588834,11596,4447,9765,4169000,100
1700762588941,11596,4447,9765,4169000,100
1700762589048,11596,4447,9765,4169000,100
1700762589156,11596,4447,9765,4169000,100
1700762589264,11596,4447,9765,4169000,100
1700762589371,11596,4447,9765,4169000,100
1700762589478,11596,4447,9765,4169000,100
1700762589588,11596,4447,9765,4169000,100
1700762589696,11596,4447,9765,4169000,100
1700762589801,11596,4447,9765,4169000,100
1700762589909,11596,4447,9765,4169000,100
1700762590016,11596,4447,9765,4169000,100
1700762590121,11596,4447,9765,4169000,100
1700762590229,11596,4447,9765,4169000,100
1700762590332,11596,4447,9765,4169000,100
1700762590437,11596,4447,9765,4169000,100
1700762590547,11596,4447,9765,4169000,100
1700762590655,11596,4447,9765,4169000,100
1700762590767,11596,4447,9765,4169000,100
1700762590873,11596,4447,9765,4169000,100
1700762590979,10986,4447,9765,4169000,100
1700762591090,10986,4447,9765,4169000,100
1700762591199,10986,4447,9765,4169000,100
1700762591305,10986,4447,9765,4169000,100
1700762591412,10986,4447,9765,4169000,100
1700762591519,10986,4447,9765,4169000,100
1700762591624,10986,4447,9765,4169000,100
1700762591732,10986,4447,9765,4169000,100
1700762591839,10986,4447,9765,4169000,100
1700762591949,10986,4447,9765,4169000,100
1700762592057,10986,4447,9765,4169000,100
1700762592168,10986,4447,9765,4169000,100
1700762592274,10986,4447,9765,4169000,100
1700762592383,10986,4447,9765,4169000,100
1700762592494,10986,4447,9765,4169000,100
1700762592605,10986,4447,9765,4169000,100
1700762592711,10986,4447,9765,4169000,100
1700762592816,10986,4447,9765,4169000,100
1700762592922,10986,4447,9765,4169000,100
1700762593032,10986,4447,9765,4169000,100
1700762593139,10986,4447,9765,4169000,100
1700762593247,10986,4447,9765,4169000,100
1700762593353,10986,4447,9765,4169000,100
1700762593463,10986,4447,9765,4169000,100
1700762593570,10986,4447,9765,4169000,100
1700762593678,10986,4447,9765,4169000,100
1700762593786,10986,4447,9765,4169000,100
1700762593895,10986,4447,9765,4169000,100
1700762594002,10986,4447,9765,4169000,100
1700762594110,10986,4447,9765,4169000,100
1700762594217,10986,4447,9765,4169000,100
1700762594323,10986,4447,9765,4169000,100
1700762594430,10986,4447,9765,4169000,100
1700762594539,10986,4447,9765,4169000,100
1700762594645,10986,4447,9765,4169000,100
1700762594752,10986,4447,9765,4169000,100
1700762594860,10986,4447,9765,4169000,100
1700762594967,10986,4447,9765,4169000,100
1700762595076,10986,4447,9765,4169000,100
1700762595187,10986,4447,9765,4169000,100
1700762595296,10986,4447,9765,4169000,100
1700762595403,10986,4447,9765,4169000,100
1700762595511,10986,4447,9765,4169000,100
1700762595619,10986,4447,9765,4169000,100
1700762595727,10986,4447,9765,4169000,100
1700762595833,10986,4447,9765,4169000,100
1700762595941,10986,4447,9765,4169000,100
1700762596049,10986,4447,9765,4169000,100
1700762596157,10986,4447,9765,4169000,100
1700762596265,10986,4447,9765,4169000,100
1700762596376,10986,4447,9765,4169000,100
1700762596485,10986,4447,9765,4169000,100
1700762596594,10986,4447,9765,4169000,100
1700762596701,10986,4447,9765,4169000,100
1700762596813,10986,4447,9765,4169000,100
1700762596920,10986,4447,9765,4169000,100
1700762597025,10986,4447,9765,4169000,100
1700762597131,10986,4447,9765,4169000,100
1700762597237,10986,4447,9765,4169000,100
1700762597343,10986,4447,9765,4169000,100
1700762597451,10986,4447,9765,4169000,100
1700762597561,10986,4447,9765,4169000,100
1700762597669,10986,4447,9765,4169000,100
1700762597778,10986,4447,9765,4169000,100
1700762597885,10986,4447,9765,4169000,100
1700762597993,10986,4447,9765,4169000,100
1700762598104,10986,4447,9765,4169000,100
1700762598211,10986,4447,9765,4169000,100
1700762598318,10986,4447,9765,4169000,100
1700762598424,10986,4447,9765,4169000,100
1700762598529,10986,4447,9765,4169000,100
1700762598638,10986,4447,9765,4169000,100
1700762598744,10986,4447,9765,4169000,100
1700762598850,10986,4447,9765,4169000,100
1700762598960,10986,4447,9765,4169000,100
1700762599070,10986,4447,9765,4169000,100
1700762599177,10986,4447,9765,4169000,100
1700762599285,10986,4447,9765,4169000,100
1700762599395,10986,4447,9765,4169000,100
1700762599504,10986,4447,9765,4169000,100
1700762599612,10986,4447,9765,4169000,100
1700762599717,10986,4447,9765,4169000,100
1700762599825,10986,4447,9765,4169000,100
1700762599932,10986,4447,9765,4169000,100
1700762600038,10986,4447,9765,4169000,100
1700762600145,10986,4447,9765,4169000,100
