frame_start,frame_end,frame_time,is_delayed
201782314,369364430705479,369364228923165,True
201781487,369363513344033,369363311562546,True
201781443,369363490318719,369363288537276,True
201781421,369363482500489,369363280719068,True
201781568,369363557608829,369363355827261,True
201781612,369363582189717,369363380408105,True
201779707,369362438161687,369362236381980,True
201782773,369364873719481,369364671936708,True
201781656,369363604377532,369363402595876,True
201779816,369363154719518,369362952939702,True
201784899,369369064399430,369368862614531,True
201781465,369363502868303,369363301086838,True
201781634,369363591684197,369363389902563,True
201783772,369367442431404,369367240647632,True
201782608,369364665618002,369364463835394,True
201780951,369363371161988,369363169381037,True
201779663,369362424338196,369362222558533,True
201781354,369363468749862,369363266968508,True
201781531,369363546862526,369363345080995,True
201781509,369363524394555,369363322613046,True
201781590,369363569406435,369363367624845,True
201782694,369364762444939,369364560662245,True
201782466,369364568297576,369364366515110,True
201782866,369365004270692,369364802487826,True
201781272,369363424367670,369363222586398,True
